{
  "user-loadUser" : {
    "transaction" : "user-loadUser",
    "sampleCount" : 1500,
    "errorCount" : 145,
    "errorPct" : 9.666667,
    "meanResTime" : 10329.45999999999,
    "medianResTime" : 8581.0,
    "minResTime" : 20.0,
    "maxResTime" : 51874.0,
    "pct1ResTime" : 18281.600000000006,
    "pct2ResTime" : 22694.95000000001,
    "pct3ResTime" : 30498.29,
    "throughput" : 8.487763474324517,
    "receivedKBytesPerSec" : 19.11917350403169,
    "sentKBytesPerSec" : 9.126003501202433
  },
  "doctorAvailibility-get-uid" : {
    "transaction" : "doctorAvailibility-get-uid",
    "sampleCount" : 1500,
    "errorCount" : 232,
    "errorPct" : 15.466666,
    "meanResTime" : 11162.121333333309,
    "medianResTime" : 10178.0,
    "minResTime" : 22.0,
    "maxResTime" : 50608.0,
    "pct1ResTime" : 19229.100000000013,
    "pct2ResTime" : 23542.300000000003,
    "pct3ResTime" : 35859.87000000002,
    "throughput" : 8.572751224474633,
    "receivedKBytesPerSec" : 3393.762091151206,
    "sentKBytesPerSec" : 9.535511371754499
  },
  "userSettings-save" : {
    "transaction" : "userSettings-save",
    "sampleCount" : 1500,
    "errorCount" : 261,
    "errorPct" : 17.4,
    "meanResTime" : 17764.89266666663,
    "medianResTime" : 16081.5,
    "minResTime" : 22.0,
    "maxResTime" : 54894.0,
    "pct1ResTime" : 34899.600000000006,
    "pct2ResTime" : 41065.350000000006,
    "pct3ResTime" : 50738.630000000005,
    "throughput" : 8.991242529775997,
    "receivedKBytesPerSec" : 7.785134076284699,
    "sentKBytesPerSec" : 13.284912058155356
  },
  "Total" : {
    "transaction" : "Total",
    "sampleCount" : 9000,
    "errorCount" : 1416,
    "errorPct" : 15.733334,
    "meanResTime" : 12159.9156666667,
    "medianResTime" : 10619.0,
    "minResTime" : 20.0,
    "maxResTime" : 54894.0,
    "pct1ResTime" : 23305.10000000001,
    "pct2ResTime" : 28097.799999999952,
    "pct3ResTime" : 42526.989999999976,
    "throughput" : 45.86758537741378,
    "receivedKBytesPerSec" : 4431.660517875299,
    "sentKBytesPerSec" : 53.16877328417007
  },
  "doctorInformation-getAll" : {
    "transaction" : "doctorInformation-getAll",
    "sampleCount" : 1500,
    "errorCount" : 184,
    "errorPct" : 12.266666,
    "meanResTime" : 9664.001333333346,
    "medianResTime" : 7959.0,
    "minResTime" : 22.0,
    "maxResTime" : 52309.0,
    "pct1ResTime" : 17756.800000000003,
    "pct2ResTime" : 24447.100000000002,
    "pct3ResTime" : 36458.35000000002,
    "throughput" : 8.21962847279303,
    "receivedKBytesPerSec" : 179.35736632829196,
    "sentKBytesPerSec" : 8.92600279467368
  },
  "profile-loadConnectedProfiles" : {
    "transaction" : "profile-loadConnectedProfiles",
    "sampleCount" : 1500,
    "errorCount" : 186,
    "errorPct" : 12.4,
    "meanResTime" : 13690.39466666666,
    "medianResTime" : 12653.0,
    "minResTime" : 21.0,
    "maxResTime" : 53249.0,
    "pct1ResTime" : 24621.9,
    "pct2ResTime" : 28022.800000000003,
    "pct3ResTime" : 44838.66000000002,
    "throughput" : 8.332685235592788,
    "receivedKBytesPerSec" : 12.19651231987512,
    "sentKBytesPerSec" : 9.08946231265346
  },
  "appointment-getByDoctor-uid" : {
    "transaction" : "appointment-getByDoctor-uid",
    "sampleCount" : 1500,
    "errorCount" : 408,
    "errorPct" : 27.2,
    "meanResTime" : 10348.624000000003,
    "medianResTime" : 9465.0,
    "minResTime" : 21.0,
    "maxResTime" : 46340.0,
    "pct1ResTime" : 20298.9,
    "pct2ResTime" : 24234.9,
    "pct3ResTime" : 31778.93,
    "throughput" : 9.712446824353638,
    "receivedKBytesPerSec" : 1529.038964009719,
    "sentKBytesPerSec" : 10.812684941174947
  }
}