{
  "user-loadUser" : {
    "transaction" : "user-loadUser",
    "sampleCount" : 1000,
    "errorCount" : 0,
    "errorPct" : 0.0,
    "meanResTime" : 8634.815000000011,
    "medianResTime" : 6327.0,
    "minResTime" : 166.0,
    "maxResTime" : 27879.0,
    "pct1ResTime" : 20310.2,
    "pct2ResTime" : 24486.199999999993,
    "pct3ResTime" : 26908.94,
    "throughput" : 7.474735394367039,
    "receivedKBytesPerSec" : 18.37295799572445,
    "sentKBytesPerSec" : 8.03680045820128
  },
  "doctorAvailibility-get-uid" : {
    "transaction" : "doctorAvailibility-get-uid",
    "sampleCount" : 1000,
    "errorCount" : 0,
    "errorPct" : 0.0,
    "meanResTime" : 10746.349000000004,
    "medianResTime" : 10065.0,
    "minResTime" : 180.0,
    "maxResTime" : 66780.0,
    "pct1ResTime" : 20768.8,
    "pct2ResTime" : 24559.899999999998,
    "pct3ResTime" : 29633.25000000001,
    "throughput" : 7.311865695650902,
    "receivedKBytesPerSec" : 3423.7521644264934,
    "sentKBytesPerSec" : 8.133022487642947
  },
  "userSettings-save" : {
    "transaction" : "userSettings-save",
    "sampleCount" : 1000,
    "errorCount" : 0,
    "errorPct" : 0.0,
    "meanResTime" : 11925.543000000005,
    "medianResTime" : 10230.5,
    "minResTime" : 665.0,
    "maxResTime" : 29176.0,
    "pct1ResTime" : 24634.9,
    "pct2ResTime" : 26896.399999999998,
    "pct3ResTime" : 28526.07,
    "throughput" : 7.6523974961355385,
    "receivedKBytesPerSec" : 7.487990518679503,
    "sentKBytesPerSec" : 11.306716222317453
  },
  "Total" : {
    "transaction" : "Total",
    "sampleCount" : 6000,
    "errorCount" : 0,
    "errorPct" : 0.0,
    "meanResTime" : 9657.867166666714,
    "medianResTime" : 8040.0,
    "minResTime" : 36.0,
    "maxResTime" : 66780.0,
    "pct1ResTime" : 20842.700000000008,
    "pct2ResTime" : 24948.8,
    "pct3ResTime" : 27738.869999999995,
    "throughput" : 41.30240242307428,
    "receivedKBytesPerSec" : 4916.526755674778,
    "sentKBytesPerSec" : 47.87690593377848
  },
  "doctorInformation-getAll" : {
    "transaction" : "doctorInformation-getAll",
    "sampleCount" : 1000,
    "errorCount" : 0,
    "errorPct" : 0.0,
    "meanResTime" : 7114.209000000002,
    "medianResTime" : 5881.0,
    "minResTime" : 45.0,
    "maxResTime" : 37048.0,
    "pct1ResTime" : 17887.199999999997,
    "pct2ResTime" : 20745.199999999983,
    "pct3ResTime" : 26704.61,
    "throughput" : 7.572143598131195,
    "receivedKBytesPerSec" : 187.96827496630397,
    "sentKBytesPerSec" : 8.222874688595596
  },
  "profile-loadConnectedProfiles" : {
    "transaction" : "profile-loadConnectedProfiles",
    "sampleCount" : 1000,
    "errorCount" : 0,
    "errorPct" : 0.0,
    "meanResTime" : 10416.051000000009,
    "medianResTime" : 9702.0,
    "minResTime" : 36.0,
    "maxResTime" : 27659.0,
    "pct1ResTime" : 20984.199999999993,
    "pct2ResTime" : 24612.749999999993,
    "pct3ResTime" : 27313.260000000002,
    "throughput" : 7.518853525214475,
    "receivedKBytesPerSec" : 12.210794348077805,
    "sentKBytesPerSec" : 8.20171815201618
  },
  "appointment-getByDoctor-uid" : {
    "transaction" : "appointment-getByDoctor-uid",
    "sampleCount" : 1000,
    "errorCount" : 0,
    "errorPct" : 0.0,
    "meanResTime" : 9110.235999999994,
    "medianResTime" : 7956.5,
    "minResTime" : 236.0,
    "maxResTime" : 31947.0,
    "pct1ResTime" : 21740.999999999996,
    "pct2ResTime" : 25763.3,
    "pct3ResTime" : 28016.46,
    "throughput" : 7.697340568833468,
    "receivedKBytesPerSec" : 1663.3460309384984,
    "sentKBytesPerSec" : 8.569304930146634
  }
}