{
  "user-loadUser" : {
    "transaction" : "user-loadUser",
    "sampleCount" : 300,
    "errorCount" : 0,
    "errorPct" : 0.0,
    "meanResTime" : 4135.670000000002,
    "medianResTime" : 3059.0,
    "minResTime" : 308.0,
    "maxResTime" : 9357.0,
    "pct1ResTime" : 7949.4000000000015,
    "pct2ResTime" : 8438.449999999999,
    "pct3ResTime" : 9043.87,
    "throughput" : 8.893368511546557,
    "receivedKBytesPerSec" : 21.859969280822934,
    "sentKBytesPerSec" : 9.562108135949961
  },
  "doctorAvailibility-get-uid" : {
    "transaction" : "doctorAvailibility-get-uid",
    "sampleCount" : 300,
    "errorCount" : 0,
    "errorPct" : 0.0,
    "meanResTime" : 5886.886666666666,
    "medianResTime" : 5626.5,
    "minResTime" : 811.0,
    "maxResTime" : 15046.0,
    "pct1ResTime" : 9492.6,
    "pct2ResTime" : 10891.4,
    "pct3ResTime" : 14583.950000000003,
    "throughput" : 6.4567505326819195,
    "receivedKBytesPerSec" : 3021.6158430162172,
    "sentKBytesPerSec" : 7.18187388352022
  },
  "userSettings-save" : {
    "transaction" : "userSettings-save",
    "sampleCount" : 300,
    "errorCount" : 0,
    "errorPct" : 0.0,
    "meanResTime" : 5430.279999999998,
    "medianResTime" : 5374.0,
    "minResTime" : 1087.0,
    "maxResTime" : 10456.0,
    "pct1ResTime" : 9315.6,
    "pct2ResTime" : 9824.35,
    "pct3ResTime" : 10442.630000000001,
    "throughput" : 9.909493294576205,
    "receivedKBytesPerSec" : 9.696594024575543,
    "sentKBytesPerSec" : 14.641663432318161
  },
  "Total" : {
    "transaction" : "Total",
    "sampleCount" : 1800,
    "errorCount" : 0,
    "errorPct" : 0.0,
    "meanResTime" : 4454.092222222227,
    "medianResTime" : 3788.5,
    "minResTime" : 84.0,
    "maxResTime" : 15046.0,
    "pct1ResTime" : 8343.900000000003,
    "pct2ResTime" : 9052.55,
    "pct3ResTime" : 10920.96,
    "throughput" : 36.7331945634872,
    "receivedKBytesPerSec" : 4370.939598925809,
    "sentKBytesPerSec" : 42.5803729949798
  },
  "doctorInformation-getAll" : {
    "transaction" : "doctorInformation-getAll",
    "sampleCount" : 300,
    "errorCount" : 0,
    "errorPct" : 0.0,
    "meanResTime" : 3365.6100000000015,
    "medianResTime" : 2508.5,
    "minResTime" : 84.0,
    "maxResTime" : 8934.0,
    "pct1ResTime" : 7340.200000000003,
    "pct2ResTime" : 8127.849999999999,
    "pct3ResTime" : 8608.9,
    "throughput" : 8.477929124512519,
    "receivedKBytesPerSec" : 210.4529444024473,
    "sentKBytesPerSec" : 9.206501158650314
  },
  "profile-loadConnectedProfiles" : {
    "transaction" : "profile-loadConnectedProfiles",
    "sampleCount" : 300,
    "errorCount" : 0,
    "errorPct" : 0.0,
    "meanResTime" : 4595.446666666668,
    "medianResTime" : 4348.0,
    "minResTime" : 103.0,
    "maxResTime" : 10982.0,
    "pct1ResTime" : 8046.200000000002,
    "pct2ResTime" : 8544.95,
    "pct3ResTime" : 9011.070000000002,
    "throughput" : 9.566631589017508,
    "receivedKBytesPerSec" : 15.536433918492298,
    "sentKBytesPerSec" : 10.435476059504447
  },
  "appointment-getByDoctor-uid" : {
    "transaction" : "appointment-getByDoctor-uid",
    "sampleCount" : 300,
    "errorCount" : 0,
    "errorPct" : 0.0,
    "meanResTime" : 3310.6599999999967,
    "medianResTime" : 3028.5,
    "minResTime" : 242.0,
    "maxResTime" : 13041.0,
    "pct1ResTime" : 7435.000000000012,
    "pct2ResTime" : 8393.349999999999,
    "pct3ResTime" : 11675.340000000007,
    "throughput" : 6.532247528633018,
    "receivedKBytesPerSec" : 1411.535804541545,
    "sentKBytesPerSec" : 7.272228693985977
  }
}