{
  "user-loadUser" : {
    "transaction" : "user-loadUser",
    "sampleCount" : 200,
    "errorCount" : 0,
    "errorPct" : 0.0,
    "meanResTime" : 2574.9349999999995,
    "medianResTime" : 2503.5,
    "minResTime" : 359.0,
    "maxResTime" : 5125.0,
    "pct1ResTime" : 3707.8,
    "pct2ResTime" : 3758.3999999999996,
    "pct3ResTime" : 3933.6100000000006,
    "throughput" : 23.83222116301239,
    "receivedKBytesPerSec" : 58.5797858079123,
    "sentKBytesPerSec" : 25.624292480934226
  },
  "doctorAvailibility-get-uid" : {
    "transaction" : "doctorAvailibility-get-uid",
    "sampleCount" : 200,
    "errorCount" : 1,
    "errorPct" : 0.5,
    "meanResTime" : 36567.85499999998,
    "medianResTime" : 35134.5,
    "minResTime" : 18713.0,
    "maxResTime" : 64287.0,
    "pct1ResTime" : 48770.40000000001,
    "pct2ResTime" : 52220.1,
    "pct3ResTime" : 62280.170000000006,
    "throughput" : 2.9214566382798464,
    "receivedKBytesPerSec" : 1360.3488949590264,
    "sentKBytesPerSec" : 3.2333021635212313
  },
  "userSettings-save" : {
    "transaction" : "userSettings-save",
    "sampleCount" : 200,
    "errorCount" : 0,
    "errorPct" : 0.0,
    "meanResTime" : 7947.340000000002,
    "medianResTime" : 7775.5,
    "minResTime" : 1574.0,
    "maxResTime" : 15728.0,
    "pct1ResTime" : 14263.000000000007,
    "pct2ResTime" : 14668.3,
    "pct3ResTime" : 15428.280000000002,
    "throughput" : 12.217470983506415,
    "receivedKBytesPerSec" : 11.954986255345142,
    "sentKBytesPerSec" : 18.05179062309102
  },
  "Total" : {
    "transaction" : "Total",
    "sampleCount" : 1200,
    "errorCount" : 1,
    "errorPct" : 0.083333336,
    "meanResTime" : 10464.031666666668,
    "medianResTime" : 4774.5,
    "minResTime" : 89.0,
    "maxResTime" : 64287.0,
    "pct1ResTime" : 33821.50000000001,
    "pct2ResTime" : 40757.9,
    "pct3ResTime" : 51920.020000000004,
    "throughput" : 13.87058741937721,
    "receivedKBytesPerSec" : 1644.951160361329,
    "sentKBytesPerSec" : 16.06564625739765
  },
  "doctorInformation-getAll" : {
    "transaction" : "doctorInformation-getAll",
    "sampleCount" : 200,
    "errorCount" : 0,
    "errorPct" : 0.0,
    "meanResTime" : 2447.8950000000004,
    "medianResTime" : 2267.0,
    "minResTime" : 89.0,
    "maxResTime" : 11215.0,
    "pct1ResTime" : 3695.5000000000005,
    "pct2ResTime" : 4438.0,
    "pct3ResTime" : 9079.580000000033,
    "throughput" : 14.90646195125587,
    "receivedKBytesPerSec" : 370.0339937206529,
    "sentKBytesPerSec" : 16.18748602519192
  },
  "profile-loadConnectedProfiles" : {
    "transaction" : "profile-loadConnectedProfiles",
    "sampleCount" : 200,
    "errorCount" : 0,
    "errorPct" : 0.0,
    "meanResTime" : 6888.675000000001,
    "medianResTime" : 7099.5,
    "minResTime" : 958.0,
    "maxResTime" : 12846.0,
    "pct1ResTime" : 11891.7,
    "pct2ResTime" : 12090.8,
    "pct3ResTime" : 12829.84,
    "throughput" : 11.09077801807797,
    "receivedKBytesPerSec" : 18.011683441468417,
    "sentKBytesPerSec" : 12.09804594354794
  },
  "appointment-getByDoctor-uid" : {
    "transaction" : "appointment-getByDoctor-uid",
    "sampleCount" : 200,
    "errorCount" : 0,
    "errorPct" : 0.0,
    "meanResTime" : 6357.490000000001,
    "medianResTime" : 6057.0,
    "minResTime" : 387.0,
    "maxResTime" : 24652.0,
    "pct1ResTime" : 11998.300000000001,
    "pct2ResTime" : 15290.399999999996,
    "pct3ResTime" : 24054.66000000001,
    "throughput" : 4.054574573762848,
    "receivedKBytesPerSec" : 875.9163180154885,
    "sentKBytesPerSec" : 4.51388184969692
  }
}