{
  "user-loadUser" : {
    "transaction" : "user-loadUser",
    "sampleCount" : 100,
    "errorCount" : 0,
    "errorPct" : 0.0,
    "meanResTime" : 1335.3900000000003,
    "medianResTime" : 1262.5,
    "minResTime" : 118.0,
    "maxResTime" : 4118.0,
    "pct1ResTime" : 2080.1,
    "pct2ResTime" : 2238.199999999999,
    "pct3ResTime" : 4103.1999999999925,
    "throughput" : 21.934634788330772,
    "receivedKBytesPerSec" : 53.91550367405132,
    "sentKBytesPerSec" : 23.584016505812677
  },
  "doctorAvailibility-get-uid" : {
    "transaction" : "doctorAvailibility-get-uid",
    "sampleCount" : 100,
    "errorCount" : 0,
    "errorPct" : 0.0,
    "meanResTime" : 21902.429999999993,
    "medianResTime" : 22217.0,
    "minResTime" : 9758.0,
    "maxResTime" : 29749.0,
    "pct1ResTime" : 27523.300000000003,
    "pct2ResTime" : 28764.65,
    "pct3ResTime" : 29745.44,
    "throughput" : 3.1799535726778387,
    "receivedKBytesPerSec" : 1488.129674283318,
    "sentKBytesPerSec" : 3.5370772649219324
  },
  "userSettings-save" : {
    "transaction" : "userSettings-save",
    "sampleCount" : 100,
    "errorCount" : 0,
    "errorPct" : 0.0,
    "meanResTime" : 4172.94,
    "medianResTime" : 4243.5,
    "minResTime" : 1577.0,
    "maxResTime" : 6608.0,
    "pct1ResTime" : 6545.7,
    "pct2ResTime" : 6580.7,
    "pct3ResTime" : 6607.95,
    "throughput" : 13.546464372798699,
    "receivedKBytesPerSec" : 13.255427052289352,
    "sentKBytesPerSec" : 20.01543026957464
  },
  "Total" : {
    "transaction" : "Total",
    "sampleCount" : 600,
    "errorCount" : 0,
    "errorPct" : 0.0,
    "meanResTime" : 6133.828333333336,
    "medianResTime" : 3039.0,
    "minResTime" : 56.0,
    "maxResTime" : 29749.0,
    "pct1ResTime" : 21471.799999999996,
    "pct2ResTime" : 23620.89999999999,
    "pct3ResTime" : 28738.32,
    "throughput" : 14.935404376073482,
    "receivedKBytesPerSec" : 1777.0315504583302,
    "sentKBytesPerSec" : 17.31281737734299
  },
  "doctorInformation-getAll" : {
    "transaction" : "doctorInformation-getAll",
    "sampleCount" : 100,
    "errorCount" : 0,
    "errorPct" : 0.0,
    "meanResTime" : 1364.9799999999998,
    "medianResTime" : 1178.5,
    "minResTime" : 56.0,
    "maxResTime" : 3310.0,
    "pct1ResTime" : 2562.0,
    "pct2ResTime" : 3061.999999999999,
    "pct3ResTime" : 3309.4199999999996,
    "throughput" : 19.27525057825752,
    "receivedKBytesPerSec" : 478.4949191644179,
    "sentKBytesPerSec" : 20.931717424826523
  },
  "profile-loadConnectedProfiles" : {
    "transaction" : "profile-loadConnectedProfiles",
    "sampleCount" : 100,
    "errorCount" : 0,
    "errorPct" : 0.0,
    "meanResTime" : 3000.65,
    "medianResTime" : 2923.0,
    "minResTime" : 318.0,
    "maxResTime" : 5670.0,
    "pct1ResTime" : 5599.9,
    "pct2ResTime" : 5608.95,
    "pct3ResTime" : 5669.639999999999,
    "throughput" : 14.929829799940281,
    "receivedKBytesPerSec" : 24.246393512988952,
    "sentKBytesPerSec" : 16.285761607942668
  },
  "appointment-getByDoctor-uid" : {
    "transaction" : "appointment-getByDoctor-uid",
    "sampleCount" : 100,
    "errorCount" : 0,
    "errorPct" : 0.0,
    "meanResTime" : 5026.579999999999,
    "medianResTime" : 5117.5,
    "minResTime" : 278.0,
    "maxResTime" : 11784.0,
    "pct1ResTime" : 7357.5,
    "pct2ResTime" : 8909.949999999999,
    "pct3ResTime" : 11757.399999999987,
    "throughput" : 4.679019277559424,
    "receivedKBytesPerSec" : 1010.8079862085907,
    "sentKBytesPerSec" : 5.209064430095452
  }
}