{
  "user-loadUser" : {
    "transaction" : "user-loadUser",
    "sampleCount" : 400,
    "errorCount" : 0,
    "errorPct" : 0.0,
    "meanResTime" : 5905.012499999996,
    "medianResTime" : 4477.0,
    "minResTime" : 351.0,
    "maxResTime" : 14688.0,
    "pct1ResTime" : 11746.200000000012,
    "pct2ResTime" : 13088.0,
    "pct3ResTime" : 14033.95,
    "throughput" : 9.700967671525234,
    "receivedKBytesPerSec" : 23.845054325418964,
    "sentKBytesPerSec" : 10.430434967137973
  },
  "doctorAvailibility-get-uid" : {
    "transaction" : "doctorAvailibility-get-uid",
    "sampleCount" : 400,
    "errorCount" : 0,
    "errorPct" : 0.0,
    "meanResTime" : 9776.257500000002,
    "medianResTime" : 9662.0,
    "minResTime" : 431.0,
    "maxResTime" : 39588.0,
    "pct1ResTime" : 17261.70000000001,
    "pct2ResTime" : 18499.1,
    "pct3ResTime" : 23565.910000000018,
    "throughput" : 5.23717873181717,
    "receivedKBytesPerSec" : 2450.874931057452,
    "sentKBytesPerSec" : 5.825338452675544
  },
  "userSettings-save" : {
    "transaction" : "userSettings-save",
    "sampleCount" : 400,
    "errorCount" : 0,
    "errorPct" : 0.0,
    "meanResTime" : 7955.732500000002,
    "medianResTime" : 8144.5,
    "minResTime" : 994.0,
    "maxResTime" : 15810.0,
    "pct1ResTime" : 13349.900000000001,
    "pct2ResTime" : 14263.15,
    "pct3ResTime" : 15453.340000000002,
    "throughput" : 11.327914814080598,
    "receivedKBytesPerSec" : 11.084541644246835,
    "sentKBytesPerSec" : 16.73743663447651
  },
  "Total" : {
    "transaction" : "Total",
    "sampleCount" : 2400,
    "errorCount" : 0,
    "errorPct" : 0.0,
    "meanResTime" : 6679.715833333343,
    "medianResTime" : 5468.0,
    "minResTime" : 74.0,
    "maxResTime" : 39588.0,
    "pct1ResTime" : 12861.1,
    "pct2ResTime" : 14193.199999999997,
    "pct3ResTime" : 18450.989999999998,
    "throughput" : 30.39744661448438,
    "receivedKBytesPerSec" : 3617.026842271291,
    "sentKBytesPerSec" : 35.236102667375945
  },
  "doctorInformation-getAll" : {
    "transaction" : "doctorInformation-getAll",
    "sampleCount" : 400,
    "errorCount" : 0,
    "errorPct" : 0.0,
    "meanResTime" : 4742.807500000007,
    "medianResTime" : 4184.5,
    "minResTime" : 74.0,
    "maxResTime" : 16057.0,
    "pct1ResTime" : 9966.900000000005,
    "pct2ResTime" : 11772.949999999999,
    "pct3ResTime" : 14131.420000000002,
    "throughput" : 7.451287209865504,
    "receivedKBytesPerSec" : 184.9751851761298,
    "sentKBytesPerSec" : 8.091632204463322
  },
  "profile-loadConnectedProfiles" : {
    "transaction" : "profile-loadConnectedProfiles",
    "sampleCount" : 400,
    "errorCount" : 0,
    "errorPct" : 0.0,
    "meanResTime" : 7296.819999999999,
    "medianResTime" : 7509.0,
    "minResTime" : 101.0,
    "maxResTime" : 14345.0,
    "pct1ResTime" : 11992.1,
    "pct2ResTime" : 13047.6,
    "pct3ResTime" : 14174.77,
    "throughput" : 10.321515198431129,
    "receivedKBytesPerSec" : 16.76238259276462,
    "sentKBytesPerSec" : 11.258918434226144
  },
  "appointment-getByDoctor-uid" : {
    "transaction" : "appointment-getByDoctor-uid",
    "sampleCount" : 400,
    "errorCount" : 0,
    "errorPct" : 0.0,
    "meanResTime" : 4401.664999999999,
    "medianResTime" : 3302.5,
    "minResTime" : 197.0,
    "maxResTime" : 28569.0,
    "pct1ResTime" : 10397.7,
    "pct2ResTime" : 12219.549999999997,
    "pct3ResTime" : 17299.7,
    "throughput" : 5.333475559348249,
    "receivedKBytesPerSec" : 1152.4868137108656,
    "sentKBytesPerSec" : 5.937658337555668
  }
}