{
  "user-loadUser" : {
    "transaction" : "user-loadUser",
    "sampleCount" : 500,
    "errorCount" : 5,
    "errorPct" : 1.0,
    "meanResTime" : 8140.192000000004,
    "medianResTime" : 5517.5,
    "minResTime" : 29.0,
    "maxResTime" : 20126.0,
    "pct1ResTime" : 16760.400000000005,
    "pct2ResTime" : 18202.6,
    "pct3ResTime" : 19564.43,
    "throughput" : 9.990409207161125,
    "receivedKBytesPerSec" : 24.344012560441975,
    "sentKBytesPerSec" : 10.741641149496482
  },
  "doctorAvailibility-get-uid" : {
    "transaction" : "doctorAvailibility-get-uid",
    "sampleCount" : 500,
    "errorCount" : 4,
    "errorPct" : 0.8,
    "meanResTime" : 13518.179999999991,
    "medianResTime" : 13295.0,
    "minResTime" : 44.0,
    "maxResTime" : 43538.0,
    "pct1ResTime" : 20972.500000000007,
    "pct2ResTime" : 23424.7,
    "pct3ResTime" : 31648.760000000017,
    "throughput" : 5.764087429678134,
    "receivedKBytesPerSec" : 2675.8991323427267,
    "sentKBytesPerSec" : 6.385775781322051
  },
  "userSettings-save" : {
    "transaction" : "userSettings-save",
    "sampleCount" : 500,
    "errorCount" : 3,
    "errorPct" : 0.6,
    "meanResTime" : 10455.562000000004,
    "medianResTime" : 10101.0,
    "minResTime" : 51.0,
    "maxResTime" : 21187.0,
    "pct1ResTime" : 18506.4,
    "pct2ResTime" : 19568.8,
    "pct3ResTime" : 20616.62,
    "throughput" : 12.248297486649356,
    "receivedKBytesPerSec" : 11.937568705293714,
    "sentKBytesPerSec" : 18.097337985644995
  },
  "Total" : {
    "transaction" : "Total",
    "sampleCount" : 3000,
    "errorCount" : 25,
    "errorPct" : 0.8333333,
    "meanResTime" : 8969.35966666665,
    "medianResTime" : 6877.0,
    "minResTime" : 21.0,
    "maxResTime" : 43538.0,
    "pct1ResTime" : 17643.0,
    "pct2ResTime" : 19230.75,
    "pct3ResTime" : 23393.22999999998,
    "throughput" : 32.062586168200326,
    "receivedKBytesPerSec" : 3786.8727464343733,
    "sentKBytesPerSec" : 37.142523038304105
  },
  "doctorInformation-getAll" : {
    "transaction" : "doctorInformation-getAll",
    "sampleCount" : 500,
    "errorCount" : 4,
    "errorPct" : 0.8,
    "meanResTime" : 6456.838000000004,
    "medianResTime" : 5014.5,
    "minResTime" : 21.0,
    "maxResTime" : 19485.0,
    "pct1ResTime" : 13196.700000000017,
    "pct2ResTime" : 15679.399999999998,
    "pct3ResTime" : 18336.84,
    "throughput" : 9.280742459396752,
    "receivedKBytesPerSec" : 228.56877175174014,
    "sentKBytesPerSec" : 10.07830626450116
  },
  "profile-loadConnectedProfiles" : {
    "transaction" : "profile-loadConnectedProfiles",
    "sampleCount" : 500,
    "errorCount" : 6,
    "errorPct" : 1.2,
    "meanResTime" : 10535.969999999994,
    "medianResTime" : 10568.5,
    "minResTime" : 24.0,
    "maxResTime" : 19906.0,
    "pct1ResTime" : 17768.7,
    "pct2ResTime" : 18663.65,
    "pct3ResTime" : 19545.760000000002,
    "throughput" : 11.321438275518522,
    "receivedKBytesPerSec" : 18.21062191490807,
    "sentKBytesPerSec" : 12.349654837650574
  },
  "appointment-getByDoctor-uid" : {
    "transaction" : "appointment-getByDoctor-uid",
    "sampleCount" : 500,
    "errorCount" : 3,
    "errorPct" : 0.6,
    "meanResTime" : 4709.415999999994,
    "medianResTime" : 3059.0,
    "minResTime" : 46.0,
    "maxResTime" : 42016.0,
    "pct1ResTime" : 9521.300000000005,
    "pct2ResTime" : 14624.85,
    "pct3ResTime" : 20142.640000000007,
    "throughput" : 6.172534689644956,
    "receivedKBytesPerSec" : 1325.663508900795,
    "sentKBytesPerSec" : 6.871767134956298
  }
}